"AxcQ1","AxcQ2"
"Ax1",-0.366789133399351,-0.00989256339130836
"Ax2",-0.499103715794109,-0.0121272260987668
