"AxcR1","AxcR2"
"Ax1",-0.29206669348997,0.956397954072381
"Ax2",0.956397954072381,0.292066693489971
