"RS1","RS2"
"rhamn.0",2.0879962672733,0.637636418193091
"rhamn.1",0.00104890016093566,-1.57172656866235
"rhamn.2",-0.673088021946923,0.635793793774147
